48APF_CS,coverage_2010-08-25_1_ATCACG.csv
48APF_CS,coverage_2010-08-25_2_CGATGT.csv
48APF_CS,coverage_2010-08-25_3_TTAGGC.csv
48APF_FruP14_440,coverage_2010-08-25_1_TGACCA.csv
48APF_FruP14_440,coverage_2010-08-25_2_ACAGTG.csv
48APF_FruP14_440,coverage_2010-08-25_3_GCCAAT.csv
48APF_FruW12_ChaM5,coverage_2010-08-25_1_CAGATC.csv
48APF_FruW12_ChaM5,coverage_2010-08-25_2_ACTTGA.csv
48APF_FruW12_ChaM5,coverage_2010-08-25_3_GATCAG.csv
AB_CS,coverage_2010-08-25_5_ATCACG.csv
AB_CS,coverage_2010-08-25_6_CGATGT.csv
AB_CS,coverage_2010-08-25_7_TTAGGC.csv
AB_FruP14_440,coverage_2010-08-25_5_TGACCA.csv
AB_FruP14_440,coverage_2010-08-25_6_ACAGTG.csv
AB_FruP14_440,coverage_2010-08-25_7_GCCAAT.csv
AB_FruW12_ChaM5,coverage_2010-08-25_5_CAGATC.csv
AB_FruW12_ChaM5,coverage_2010-08-25_6_ACTTGA.csv
AB_FruW12_ChaM5,coverage_2010-08-25_7_GATCAG.csv
WPP_CS,coverage_2010-08-25_8_ATCACG.csv
WPP_CS,coverage_2010-08-25_1_CGATGT.csv
WPP_CS,coverage_2010-08-25_2_TTAGGC.csv
WPP_FruP14_440,coverage_2010-08-25_8_TGACCA.csv
WPP_FruP14_440,coverage_2010-08-25_3_ACAGTG.csv
WPP_FruP14_440,coverage_2010-08-25_6_GCCAAT.csv
WPP_FruW12_ChaM5,coverage_2010-08-25_8_CAGATC.csv
WPP_FruW12_ChaM5,coverage_2010-08-25_7_ACTTGA.csv
WPP_FruW12_ChaM5,coverage_2010-08-25_5_GATCAG.csv
AH_BerF,coverage_2011-04-26_5_TGACCA.csv
AH_BerF,coverage_2011-04-26_3_ACAGTG.csv
AH_BerF,coverage_2011-04-26_2_GCCAAT.csv
AH_BerM,coverage_2011-04-26_1_ATCACG.csv
AH_BerM,coverage_2011-04-26_6_CGATGT.csv
AH_BerM,coverage_2011-04-26_5_TTAGGC.csv
AH_CS,coverage_2011-04-26_1_ACTTGA.csv
AH_CS,coverage_2011-04-26_2_ACTTGA.csv
AH_CS,coverage_2011-04-26_3_ACTTGA.csv
AH_CS,coverage_2011-04-26_5_ACTTGA.csv
AH_dsxD,coverage_2011-04-26_1_CAGATC.csv
AH_dsxD,coverage_2011-04-26_6_ACTTGA.csv
AH_dsxD,coverage_2011-04-26_5_GATCAG.csv
AH_dsxNullF,coverage_2011-04-26_6_TAGCTT.csv
AH_dsxNullF,coverage_2011-04-26_2_ATCACG.csv
AH_dsxNullF,coverage_2011-04-26_5_CGATGT.csv
AH_dsxNullM,coverage_2011-04-26_6_TTAGGC.csv
AH_dsxNullM,coverage_2011-04-26_3_TGACCA.csv
AH_dsxNullM,coverage_2011-04-26_6_ACAGTG.csv
AH_FruP14_440,coverage_2011-04-26_1_GATCAG.csv
AH_FruP14_440,coverage_2011-04-26_2_GATCAG.csv
AH_FruP14_440,coverage_2011-04-26_3_GATCAG.csv
AH_FruP14_440,coverage_2011-04-26_8_GATCAG.csv
AH_FruW12_ChaM5,coverage_2011-04-26_1_TAGCTT.csv
AH_FruW12_ChaM5,coverage_2011-04-26_2_TAGCTT.csv
AH_FruW12_ChaM5,coverage_2011-04-26_3_TAGCTT.csv
AH_FruW12_ChaM5,coverage_2011-04-26_7_TAGCTT.csv
AH_Female_FruM(A),coverage_2011-07-05_1_TGACCA.csv
AH_Female_FruM(A),coverage_2011-07-05_2_ACAGTG.csv
AH_Female_FruM(A),coverage_2011-07-05_3_GCCAAT.csv
AH_Male_FruM(A),coverage_2011-07-05_1_ATCACG.csv
AH_Male_FruM(A),coverage_2011-07-05_2_CGATGT.csv
AH_Male_FruM(A),coverage_2011-07-05_3_TTAGGC.csv
AH_Female_FruM(B),coverage_2011-07-05_2_TGACCA.csv
AH_Female_FruM(B),coverage_2011-07-05_3_ACAGTG.csv
AH_Female_FruM(B),coverage_2011-07-05_1_GCCAAT.csv
AH_Male_FruM(B),coverage_2011-07-05_2_ATCACG.csv
AH_Male_FruM(B),coverage_2011-07-05_3_CGATGT.csv
AH_Male_FruM(B),coverage_2011-07-05_1_TTAGGC.csv
AH_Female_FruM(C),coverage_2011-07-05_5_TAGCTT.csv
AH_Female_FruM(C),coverage_2011-07-05_6_ATCACG.csv
AH_Female_FruM(C),coverage_2011-07-05_5_CGATGT.csv
AH_Male_FruM(C),coverage_2011-07-05_1_CAGATC.csv
AH_Male_FruM(C),coverage_2011-07-05_2_ACTTGA.csv
AH_Male_FruM(C),coverage_2011-07-05_3_GATCAG.csv
AH_CSFemale,coverage_2011-07-05_7_CAGATC.csv
AH_CSFemale,coverage_2011-07-05_7_ACTTGA.csv
AH_CSFemale,coverage_2011-07-05_8_GATCAG.csv
